<?xml version="1.0" encoding="ISO8859-1"?>
<FndThemeResources>
  <ThemeName Type="System.String">Aurora</ThemeName>
  <Resource Name="ToolbarWhatsThis16x16" Description="ToolbarWhatsThis16x16" FileName="ToolbarWhatsThis16x16.gif" ResourceOwner="FNDWIN" ResourceType="0" IsCommon="True" />
  <Resource Name="MatrixCellSelected" Description="MatrixCellSelected" FileName="MatrixCellSelected.gif" ResourceOwner="FNDWIN" ResourceType="0" IsCommon="True" />
  <Resource Name="MatrixCellGrayed" Description="MatrixCellGrayed" FileName="MatrixCellGrayed.gif" ResourceOwner="FNDWIN" ResourceType="0" IsCommon="True" />
  <Resource Name="MatrixCellDirty" Description="MatrixCellDirty" FileName="MatrixCellDirty.gif" ResourceOwner="FNDWIN" ResourceType="0" IsCommon="True" />
  <Resource Name="NoTermConnection" Description="NoTermConnection" FileName="NoTermConnection16x16.png" ResourceOwner="FNDWIN" ResourceType="0" IsCommon="True" />
  <Resource Name="SortDescending" Description="SortDescending" FileName="SortDescending.gif" ResourceOwner="FNDWIN" ResourceType="0" IsCommon="True" />
  <Resource Name="SortAscending" Description="SortAscending" FileName="SortAscending.gif" ResourceOwner="FNDWIN" ResourceType="0" IsCommon="True" />
  <Resource Name="IndexListBlankCellImage" Description="IndexListBlankCellImage" FileName="IndexListBlankCellImage.gif" ResourceOwner="FNDWIN" ResourceType="0" IsCommon="True" />
  <Resource Name="IndexListUnchecked" Description="IndexListUnchecked" FileName="IndexListUnchecked.gif" ResourceOwner="FNDWIN" ResourceType="0" IsCommon="True" />
  <Resource Name="IndexListIndeterminate" Description="IndexListIndeterminate" FileName="IndexListIndeterminate.gif" ResourceOwner="FNDWIN" ResourceType="0" IsCommon="True" />
  <Resource Name="TermMiningAlert" Description="TermMiningAlert" FileName="TermMiningAlert.gif" ResourceOwner="FNDWIN" ResourceType="0" IsCommon="True" />
  <Resource Name="TermMiningHighQuality" Description="TermMiningHighQuality" FileName="TermMiningHighQuality.gif" ResourceOwner="FNDWIN" ResourceType="0" IsCommon="True" />
  <Resource Name="TermMiningLowQuality" Description="TermMiningLowQuality" FileName="TermMiningLowQuality.gif" ResourceOwner="FNDWIN" ResourceType="0" IsCommon="True" />
  <Resource Name="ActiveUser" Description="ActiveUser" FileName="ActiveUser.png" ResourceOwner="FNDWIN" ResourceType="0" IsCommon="True" />
  <Resource Name="DataViews" Description="Data views" FileName="DataViews.bmp" ResourceOwner="FNDWIN" ResourceType="0" IsCommon="True" />
  <Resource Name="Save16x16" Description="Save16x16" FileName="Save16x16.png" ResourceOwner="FNDWIN" ResourceType="0" IsCommon="True" />
  <Resource Name="New16x16" Description="New16x16" FileName="New16x16.png" ResourceOwner="FNDWIN" ResourceType="0" IsCommon="True" />
  <Resource Name="Draft16x16" Description="Draft16x16" FileName="Draft16x16.png" ResourceOwner="FNDWIN" ResourceType="0" IsCommon="True" />
  <Resource Name="DeleteFile16x16" Description="DeleteFile16x16" FileName="DeleteFile16x16.png" ResourceOwner="FNDWIN" ResourceType="0" IsCommon="True" />
  <Resource Name="Feature16x16" Description="Feature16x16" FileName="Feature16x16.png" ResourceOwner="FNDWIN" ResourceType="0" IsCommon="True" />
  <Resource Name="NewTemplate16x16" Description="NewTemplate16x16" FileName="NewTemplate16x16.png" ResourceOwner="FNDWIN" ResourceType="0" IsCommon="True" />
  <Resource Name="LeaveForm16x16" Description="LeaveForm16x16" FileName="LeaveForm16x16.png" ResourceOwner="FNDWIN" ResourceType="0" IsCommon="True" />
  <Resource Name="SendToMailRecipient16x16" Description="SendToMailRecipient16x16" FileName="SendToMailRecipient16x16.png" ResourceOwner="FNDWIN" ResourceType="0" IsCommon="True" />
  <Resource Name="Web16x16" Description="Web16x16" FileName="Web16x16.png" ResourceOwner="FNDWIN" ResourceType="0" IsCommon="True" />
  <Resource Name="ErrorUIClue8x8" Description="ErrorUIClue8x8" FileName="ErrorUIClue8x8.png" ResourceOwner="FNDWIN" ResourceType="0" IsCommon="True" />
  <Resource Name="MandatoryUIClue5x5" Description="MandatoryUIClue5x5" FileName="MandatoryUIClue5x5.png" ResourceOwner="FNDWIN" ResourceType="0" IsCommon="True" />
  <Resource Name="TermUsageLowQuality16x16" Description="TermUsageLowQuality16x16" FileName="TermUsageLowQuality16x16.png" ResourceOwner="FNDWIN" ResourceType="0" IsCommon="True" />
  <Resource Name="ChangedTermConnection16x16" Description="ChangedTermConnection16x16" FileName="ChangedTermConnection16x16.png" ResourceOwner="FNDWIN" ResourceType="0" IsCommon="True" />
  <Resource Name="CompletedTermConnection16x16" Description="CompletedTermConnection16x16" FileName="CompletedTermConnection16x16.png" ResourceOwner="FNDWIN" ResourceType="0" IsCommon="True" />
  <Resource Name="TermExport16x16" Description="TermExport16x16" FileName="TermExport16x16.png" ResourceOwner="FNDWIN" ResourceType="0" IsCommon="True" />
  <Resource Name="TermImport16x16" Description="TermImport16x16" FileName="TermImport16x16.png" ResourceOwner="FNDWIN" ResourceType="0" IsCommon="True" />
  <Resource Name="TermUsage16x16" Description="TermUsage16x16" FileName="TermUsage16x16.png" ResourceOwner="FNDWIN" ResourceType="0" IsCommon="True" />
  <Resource Name="NavigatorTreeNodeExploreItemSubCategory16x16" Description="NavigatorTreeNodeExploreItemSubCategory16x16" FileName="NavigatorTreeNodeExploreItemSubCategory16x16.png" ResourceOwner="FNDWIN" ResourceType="0" IsCommon="True" />
  <Resource Name="StartPageBackground" Description="StartPageBackground" FileName="grey-prisma-2-optimized.png" ResourceOwner="FNDWIN" ResourceType="0" IsCommon="True" />
  <Resource Name="ApplicationSearch16x16" Description="ApplicationSearch16x16" FileName="ApplicationSearch16x16.png" ResourceOwner="FNDWIN" ResourceType="0" IsCommon="True" />
  <Resource Name="NotesNewNote16x16" Description="NotesNewNote16x16" FileName="NotesNewNote16x16.png" ResourceOwner="FNDWIN" ResourceType="0" IsCommon="True" />
  <Resource Name="NotesUnknownNote16x16" Description="NotesUnknownNote16x16" FileName="NotesUnknownNote16x16.png" ResourceOwner="FNDWIN" ResourceType="0" IsCommon="True" />
  <Resource Name="NotesNextNote16x16" Description="NotesNextNote16x16" FileName="NotesNextNote16x16.png" ResourceOwner="FNDWIN" ResourceType="0" IsCommon="True" />
  <Resource Name="NotesPreviousNote16x16" Description="NotesPreviousNote16x16" FileName="NotesPreviousNote16x16.png" ResourceOwner="FNDWIN" ResourceType="0" IsCommon="True" />
  <Resource Name="NotesRemoveNote16x16" Description="NotesRemoveNote16x16" FileName="NotesRemoveNote16x16.png" ResourceOwner="FNDWIN" ResourceType="0" IsCommon="True" />
  <Resource Name="NotesAddNote16x16" Description="NotesAddNote16x16" FileName="NotesAddNote16x16.png" ResourceOwner="FNDWIN" ResourceType="0" IsCommon="True" />
  <Resource Name="ToolbarManagePortal16x16" Description="ManagePortal16x16" FileName="ToolbarManagePortal16x16.png" ResourceOwner="FNDWIN" ResourceType="0" IsCommon="True" />
  <Resource Name="ToolbarDockOut16x16" Description="ToolbarDockOut16x16" FileName="ToolbarDockOut16x16.png" ResourceOwner="FNDWIN" ResourceType="0" IsCommon="True" />
  <Resource Name="ToolbarZoom" Description="ToolbarZoom_16x16" FileName="ToolbarZoom.png" ResourceOwner="FNDWIN" ResourceType="0" IsCommon="True" />
  <Resource Name="NavigatorTreeNodeFavorites16x16" Description="NavigatorTreeNodeFavorites16x16" FileName="NavigatorTreeNodeFavorites16x16.png" ResourceOwner="FNDWIN" ResourceType="0" IsCommon="True" />
  <Resource Name="ToolbarNavigate16x16" Description="ToolbarNavigate16x16" FileName="ToolbarNavigate16x16.png" ResourceOwner="FNDWIN" ResourceType="0" IsCommon="True" />
  <Resource Name="NewFromTemplateDefault16x16" Description="NewFromTemplateDefault16x16" FileName="NewFromTemplateDefault16x16.png" ResourceOwner="FNDWIN" ResourceType="0" IsCommon="True" />
  <Resource Name="NewDetailTemplate16x16" Description="NewDetailTemplate16x16" FileName="NewDetailTemplate16x16.png" ResourceOwner="FNDWIN" ResourceType="0" IsCommon="True" />
  <Resource Name="NewDetailTemplateDefault16x16" Description="NewDetailTemplateDefault16x16" FileName="NewDetailTemplateDefault16x16.png" ResourceOwner="FNDWIN" ResourceType="0" IsCommon="True" />
  <Resource Name="IndexListChecked" Description="IndexListChecked" FileName="IndexListChecked.png" ResourceOwner="FNDWIN" ResourceType="0" IsCommon="True" />
  <Resource Name="GraphControlHiddenSeriesOverlay_10x10" Description="GraphControlHiddenSeriesOverlay_10x10" FileName="GraphControlHiddenSeriesOverlay_10x10.png" ResourceOwner="FNDWIN" ResourceType="0" IsCommon="True" />
  <Resource Name="GraphControlLegendDown_10x10" Description="GraphControlLegendDown_10x10" FileName="GraphControlLegendDown_10x10.png" ResourceOwner="FNDWIN" ResourceType="0" IsCommon="True" />
  <Resource Name="GraphControlLegendUp_10x10" Description="GraphControlLegendUp_10x10" FileName="GraphControlLegendUp_10x10.png" ResourceOwner="FNDWIN" ResourceType="0" IsCommon="True" />
  <Resource Name="RangeSliderLeft_16x10" Description="RangeSliderLeft_16x10" FileName="RangeSliderLeft_16x10.png" ResourceOwner="FNDWIN" ResourceType="0" IsCommon="True" />
  <Resource Name="RangeSliderMiddle_16x10" Description="RangeSliderMiddle_16x10" FileName="RangeSliderMiddle_16x10.png" ResourceOwner="FNDWIN" ResourceType="0" IsCommon="True" />
  <Resource Name="RangeSliderResize_16x10" Description="RangeSliderResize_16x10" FileName="RangeSliderResize_16x10.png" ResourceOwner="FNDWIN" ResourceType="0" IsCommon="True" />
  <Resource Name="NavigatorClearFilter_16x16" Description="NavigatorClearFilter_16x16" FileName="NavigatorClearFilter_16x16.png" ResourceOwner="FNDWIN" ResourceType="0" IsCommon="True" />
  <Resource Name="NavigatorClearFilter_24x24" Description="NavigatorClearFilter_24x24" FileName="NavigatorClearFilter_24x24.png" ResourceOwner="FNDWIN" ResourceType="0" IsCommon="True" />
  <Resource Name="NavigatorClearFilter_32x32" Description="NavigatorClearFilter_32x32" FileName="NavigatorClearFilter_32x32.png" ResourceOwner="FNDWIN" ResourceType="0" IsCommon="True" />
  <Resource Name="IfsLogo_34x34" Description="IfsLogo_34x34" FileName="IfsLogo_34x34.png" ResourceOwner="FNDWIN" ResourceType="0" IsCommon="True" />
  <Resource Name="IfsLogo_51x51" Description="IfsLogo_51x51" FileName="IfsLogo_51x51.png" ResourceOwner="FNDWIN" ResourceType="0" IsCommon="True" />
  <Resource Name="IfsLogo_68x68" Description="IfsLogo_68x68" FileName="IfsLogo_68x68.png" ResourceOwner="FNDWIN" ResourceType="0" IsCommon="True" />
  <Resource Name="PageToolbarChart_40x40" Description="PageToolbarChart_40x40" FileName="PageToolbarChart_40x40.png" ResourceOwner="FNDWIN" ResourceType="0" IsCommon="True" />
  <Resource Name="PageToolbarChart_60x60" Description="PageToolbarChart_60x60" FileName="PageToolbarChart_60x60.png" ResourceOwner="FNDWIN" ResourceType="0" IsCommon="True" />
  <Resource Name="PageToolbarChart_80x80" Description="PageToolbarChart_80x80" FileName="PageToolbarChart_80x80.png" ResourceOwner="FNDWIN" ResourceType="0" IsCommon="True" />
  <Resource Name="PageToolbarChart_Hover_40x40" Description="PageToolbarChart_Hover_40x40" FileName="PageToolbarChart_Hover_40x40.png" ResourceOwner="FNDWIN" ResourceType="0" IsCommon="True" />
  <Resource Name="PageToolbarChart_Hover_60x60" Description="PageToolbarChart_Hover_60x60" FileName="PageToolbarChart_Hover_60x60.png" ResourceOwner="FNDWIN" ResourceType="0" IsCommon="True" />
  <Resource Name="PageToolbarChart_Hover_80x80" Description="PageToolbarChart_Hover_80x80" FileName="PageToolbarChart_Hover_80x80.png" ResourceOwner="FNDWIN" ResourceType="0" IsCommon="True" />
  <Resource Name="PageToolbarDelete_40x40" Description="PageToolbarDelete_40x40" FileName="PageToolbarDelete_40x40.png" ResourceOwner="FNDWIN" ResourceType="0" IsCommon="True" />
  <Resource Name="PageToolbarDelete_60x60" Description="PageToolbarDelete_60x60" FileName="PageToolbarDelete_60x60.png" ResourceOwner="FNDWIN" ResourceType="0" IsCommon="True" />
  <Resource Name="PageToolbarDelete_80x80" Description="PageToolbarDelete_80x80" FileName="PageToolbarDelete_80x80.png" ResourceOwner="FNDWIN" ResourceType="0" IsCommon="True" />
  <Resource Name="PageToolbarDelete_Hover_40x40" Description="PageToolbarDelete_Hover_40x40" FileName="PageToolbarDelete_Hover_40x40.png" ResourceOwner="FNDWIN" ResourceType="0" IsCommon="True" />
  <Resource Name="PageToolbarDelete_Hover_60x60" Description="PageToolbarDelete_Hover_60x60" FileName="PageToolbarDelete_Hover_60x60.png" ResourceOwner="FNDWIN" ResourceType="0" IsCommon="True" />
  <Resource Name="PageToolbarDelete_Hover_80x80" Description="PageToolbarDelete_Hover_80x80" FileName="PageToolbarDelete_Hover_80x80.png" ResourceOwner="FNDWIN" ResourceType="0" IsCommon="True" />
  <Resource Name="PageToolbarDraft_40x40" Description="PageToolbarDraft_40x40" FileName="PageToolbarDraft_40x40.png" ResourceOwner="FNDWIN" ResourceType="0" IsCommon="True" />
  <Resource Name="PageToolbarDraft_60x60" Description="PageToolbarDraft_60x60" FileName="PageToolbarDraft_60x60.png" ResourceOwner="FNDWIN" ResourceType="0" IsCommon="True" />
  <Resource Name="PageToolbarDraft_80x80" Description="PageToolbarDraft_80x80" FileName="PageToolbarDraft_80x80.png" ResourceOwner="FNDWIN" ResourceType="0" IsCommon="True" />
  <Resource Name="PageToolbarDraft_Hover_40x40" Description="PageToolbarDraft_Hover_40x40" FileName="PageToolbarDraft_Hover_40x40.png" ResourceOwner="FNDWIN" ResourceType="0" IsCommon="True" />
  <Resource Name="PageToolbarDraft_Hover_60x60" Description="PageToolbarDraft_Hover_60x60" FileName="PageToolbarDraft_Hover_60x60.png" ResourceOwner="FNDWIN" ResourceType="0" IsCommon="True" />
  <Resource Name="PageToolbarDraft_Hover_80x80" Description="PageToolbarDraft_Hover_80x80" FileName="PageToolbarDraft_Hover_80x80.png" ResourceOwner="FNDWIN" ResourceType="0" IsCommon="True" />
  <Resource Name="PageToolbarDuplicate_40x40" Description="PageToolbarDuplicate_40x40" FileName="PageToolbarDuplicate_40x40.png" ResourceOwner="FNDWIN" ResourceType="0" IsCommon="True" />
  <Resource Name="PageToolbarDuplicate_60x60" Description="PageToolbarDuplicate_60x60" FileName="PageToolbarDuplicate_60x60.png" ResourceOwner="FNDWIN" ResourceType="0" IsCommon="True" />
  <Resource Name="PageToolbarDuplicate_80x80" Description="PageToolbarDuplicate_80x80" FileName="PageToolbarDuplicate_80x80.png" ResourceOwner="FNDWIN" ResourceType="0" IsCommon="True" />
  <Resource Name="PageToolbarDuplicate_Hover_40x40" Description="PageToolbarDuplicate_Hover_40x40" FileName="PageToolbarDuplicate_Hover_40x40.png" ResourceOwner="FNDWIN" ResourceType="0" IsCommon="True" />
  <Resource Name="PageToolbarDuplicate_Hover_60x60" Description="PageToolbarDuplicate_Hover_60x60" FileName="PageToolbarDuplicate_Hover_60x60.png" ResourceOwner="FNDWIN" ResourceType="0" IsCommon="True" />
  <Resource Name="PageToolbarDuplicate_Hover_80x80" Description="PageToolbarDuplicate_Hover_80x80" FileName="PageToolbarDuplicate_Hover_80x80.png" ResourceOwner="FNDWIN" ResourceType="0" IsCommon="True" />
  <Resource Name="PageToolbarLOV_40x40" Description="PageToolbarLOV_40x40" FileName="PageToolbarLOV_40x40.png" ResourceOwner="FNDWIN" ResourceType="0" IsCommon="True" />
  <Resource Name="PageToolbarLOV_60x60" Description="PageToolbarLOV_60x60" FileName="PageToolbarLOV_60x60.png" ResourceOwner="FNDWIN" ResourceType="0" IsCommon="True" />
  <Resource Name="PageToolbarLOV_80x80" Description="PageToolbarLOV_80x80" FileName="PageToolbarLOV_80x80.png" ResourceOwner="FNDWIN" ResourceType="0" IsCommon="True" />
  <Resource Name="PageToolbarLOV_Hover_40x40" Description="PageToolbarLOV_Hover_40x40" FileName="PageToolbarLOV_Hover_40x40.png" ResourceOwner="FNDWIN" ResourceType="0" IsCommon="True" />
  <Resource Name="PageToolbarLOV_Hover_60x60" Description="PageToolbarLOV_Hover_60x60" FileName="PageToolbarLOV_Hover_60x60.png" ResourceOwner="FNDWIN" ResourceType="0" IsCommon="True" />
  <Resource Name="PageToolbarLOV_Hover_80x80" Description="PageToolbarLOV_Hover_80x80" FileName="PageToolbarLOV_Hover_80x80.png" ResourceOwner="FNDWIN" ResourceType="0" IsCommon="True" />
  <Resource Name="PageToolbarNew_40x40" Description="PageToolbarNew_40x40" FileName="PageToolbarNew_40x40.png" ResourceOwner="FNDWIN" ResourceType="0" IsCommon="True" />
  <Resource Name="PageToolbarNew_60x60" Description="PageToolbarNew_60x60" FileName="PageToolbarNew_60x60.png" ResourceOwner="FNDWIN" ResourceType="0" IsCommon="True" />
  <Resource Name="PageToolbarNew_80x80" Description="PageToolbarNew_80x80" FileName="PageToolbarNew_80x80.png" ResourceOwner="FNDWIN" ResourceType="0" IsCommon="True" />
  <Resource Name="PageToolbarNew_Hover_40x40" Description="PageToolbarNew_Hover_40x40" FileName="PageToolbarNew_Hover_40x40.png" ResourceOwner="FNDWIN" ResourceType="0" IsCommon="True" />
  <Resource Name="PageToolbarNew_Hover_60x60" Description="PageToolbarNew_Hover_60x60" FileName="PageToolbarNew_Hover_60x60.png" ResourceOwner="FNDWIN" ResourceType="0" IsCommon="True" />
  <Resource Name="PageToolbarNew_Hover_80x80" Description="PageToolbarNew_Hover_80x80" FileName="PageToolbarNew_Hover_80x80.png" ResourceOwner="FNDWIN" ResourceType="0" IsCommon="True" />
  <Resource Name="PageToolbarNewFromTemplate_40x40" Description="PageToolbarNewFromTemplate_40x40" FileName="PageToolbarNewFromTemplate_40x40.png" ResourceOwner="FNDWIN" ResourceType="0" IsCommon="True" />
  <Resource Name="PageToolbarNewFromTemplate_60x60" Description="PageToolbarNewFromTemplate_60x60" FileName="PageToolbarNewFromTemplate_60x60.png" ResourceOwner="FNDWIN" ResourceType="0" IsCommon="True" />
  <Resource Name="PageToolbarNewFromTemplate_80x80" Description="PageToolbarNewFromTemplate_80x80" FileName="PageToolbarNewFromTemplate_80x80.png" ResourceOwner="FNDWIN" ResourceType="0" IsCommon="True" />
  <Resource Name="PageToolbarNewFromTemplate_Hover_40x40" Description="PageToolbarNewFromTemplate_Hover_40x40" FileName="PageToolbarNewFromTemplate_Hover_40x40.png" ResourceOwner="FNDWIN" ResourceType="0" IsCommon="True" />
  <Resource Name="PageToolbarNewFromTemplate_Hover_60x60" Description="PageToolbarNewFromTemplate_Hover_60x60" FileName="PageToolbarNewFromTemplate_Hover_60x60.png" ResourceOwner="FNDWIN" ResourceType="0" IsCommon="True" />
  <Resource Name="PageToolbarNewFromTemplate_Hover_80x80" Description="PageToolbarNewFromTemplate_Hover_80x80" FileName="PageToolbarNewFromTemplate_Hover_80x80.png" ResourceOwner="FNDWIN" ResourceType="0" IsCommon="True" />
  <Resource Name="PageToolbarPopulate_40x40" Description="PageToolbarPopulate_40x40" FileName="PageToolbarPopulate_40x40.png" ResourceOwner="FNDWIN" ResourceType="0" IsCommon="True" />
  <Resource Name="PageToolbarPopulate_60x60" Description="PageToolbarPopulate_60x60" FileName="PageToolbarPopulate_60x60.png" ResourceOwner="FNDWIN" ResourceType="0" IsCommon="True" />
  <Resource Name="PageToolbarPopulate_80x80" Description="PageToolbarPopulate_80x80" FileName="PageToolbarPopulate_80x80.png" ResourceOwner="FNDWIN" ResourceType="0" IsCommon="True" />
  <Resource Name="PageToolbarPopulate_Hover_40x40" Description="PageToolbarPopulate_Hover_40x40" FileName="PageToolbarPopulate_Hover_40x40.png" ResourceOwner="FNDWIN" ResourceType="0" IsCommon="True" />
  <Resource Name="PageToolbarPopulate_Hover_60x60" Description="PageToolbarPopulate_Hover_60x60" FileName="PageToolbarPopulate_Hover_60x60.png" ResourceOwner="FNDWIN" ResourceType="0" IsCommon="True" />
  <Resource Name="PageToolbarPopulate_Hover_80x80" Description="PageToolbarPopulate_Hover_80x80" FileName="PageToolbarPopulate_Hover_80x80.png" ResourceOwner="FNDWIN" ResourceType="0" IsCommon="True" />
  <Resource Name="PageToolbarSave_40x40" Description="PageToolbarSave_40x40" FileName="PageToolbarSave_40x40.png" ResourceOwner="FNDWIN" ResourceType="0" IsCommon="True" />
  <Resource Name="PageToolbarSave_60x60" Description="PageToolbarSave_60x60" FileName="PageToolbarSave_60x60.png" ResourceOwner="FNDWIN" ResourceType="0" IsCommon="True" />
  <Resource Name="PageToolbarSave_80x80" Description="PageToolbarSave_80x80" FileName="PageToolbarSave_80x80.png" ResourceOwner="FNDWIN" ResourceType="0" IsCommon="True" />
  <Resource Name="PageToolbarSave_Hover_40x40" Description="PageToolbarSave_Hover_40x40" FileName="PageToolbarSave_Hover_40x40.png" ResourceOwner="FNDWIN" ResourceType="0" IsCommon="True" />
  <Resource Name="PageToolbarSave_Hover_60x60" Description="PageToolbarSave_Hover_60x60" FileName="PageToolbarSave_Hover_60x60.png" ResourceOwner="FNDWIN" ResourceType="0" IsCommon="True" />
  <Resource Name="PageToolbarSave_Hover_80x80" Description="PageToolbarSave_Hover_80x80" FileName="PageToolbarSave_Hover_80x80.png" ResourceOwner="FNDWIN" ResourceType="0" IsCommon="True" />
  <Resource Name="PageToolbarSaveAsDraft_40x40" Description="PageToolbarSaveAsDraft_40x40" FileName="PageToolbarSaveAsDraft_40x40.png" ResourceOwner="FNDWIN" ResourceType="0" IsCommon="True" />
  <Resource Name="PageToolbarSaveAsDraft_60x60" Description="PageToolbarSaveAsDraft_60x60" FileName="PageToolbarSaveAsDraft_60x60.png" ResourceOwner="FNDWIN" ResourceType="0" IsCommon="True" />
  <Resource Name="PageToolbarSaveAsDraft_80x80" Description="PageToolbarSaveAsDraft_80x80" FileName="PageToolbarSaveAsDraft_80x80.png" ResourceOwner="FNDWIN" ResourceType="0" IsCommon="True" />
  <Resource Name="PageToolbarSaveAsDraft_Hover_40x40" Description="PageToolbarSaveAsDraft_Hover_40x40" FileName="PageToolbarSaveAsDraft_Hover_40x40.png" ResourceOwner="FNDWIN" ResourceType="0" IsCommon="True" />
  <Resource Name="PageToolbarSaveAsDraft_Hover_60x60" Description="PageToolbarSaveAsDraft_Hover_60x60" FileName="PageToolbarSaveAsDraft_Hover_60x60.png" ResourceOwner="FNDWIN" ResourceType="0" IsCommon="True" />
  <Resource Name="PageToolbarSaveAsDraft_Hover_80x80" Description="PageToolbarSaveAsDraft_Hover_80x80" FileName="PageToolbarSaveAsDraft_Hover_80x80.png" ResourceOwner="FNDWIN" ResourceType="0" IsCommon="True" />
  <Resource Name="PageToolbarSaveAsTemplate_40x40" Description="PageToolbarSaveAsTemplate_40x40" FileName="PageToolbarSaveAsTemplate_40x40.png" ResourceOwner="FNDWIN" ResourceType="0" IsCommon="True" />
  <Resource Name="PageToolbarSaveAsTemplate_60x60" Description="PageToolbarSaveAsTemplate_60x60" FileName="PageToolbarSaveAsTemplate_60x60.png" ResourceOwner="FNDWIN" ResourceType="0" IsCommon="True" />
  <Resource Name="PageToolbarSaveAsTemplate_80x80" Description="PageToolbarSaveAsTemplate_80x80" FileName="PageToolbarSaveAsTemplate_80x80.png" ResourceOwner="FNDWIN" ResourceType="0" IsCommon="True" />
  <Resource Name="PageToolbarSaveAsTemplate_Hover_40x40" Description="PageToolbarSaveAsTemplate_Hover_40x40" FileName="PageToolbarSaveAsTemplate_Hover_40x40.png" ResourceOwner="FNDWIN" ResourceType="0" IsCommon="True" />
  <Resource Name="PageToolbarSaveAsTemplate_Hover_60x60" Description="PageToolbarSaveAsTemplate_Hover_60x60" FileName="PageToolbarSaveAsTemplate_Hover_60x60.png" ResourceOwner="FNDWIN" ResourceType="0" IsCommon="True" />
  <Resource Name="PageToolbarSaveAsTemplate_Hover_80x80" Description="PageToolbarSaveAsTemplate_Hover_80x80" FileName="PageToolbarSaveAsTemplate_Hover_80x80.png" ResourceOwner="FNDWIN" ResourceType="0" IsCommon="True" />
  <Resource Name="PageToolbarSavedSearch_40x40" Description="PageToolbarSavedSearch_40x40" FileName="PageToolbarSavedSearch_40x40.png" ResourceOwner="FNDWIN" ResourceType="0" IsCommon="True" />
  <Resource Name="PageToolbarSavedSearch_60x60" Description="PageToolbarSavedSearch_60x60" FileName="PageToolbarSavedSearch_60x60.png" ResourceOwner="FNDWIN" ResourceType="0" IsCommon="True" />
  <Resource Name="PageToolbarSavedSearch_80x80" Description="PageToolbarSavedSearch_80x80" FileName="PageToolbarSavedSearch_80x80.png" ResourceOwner="FNDWIN" ResourceType="0" IsCommon="True" />
  <Resource Name="PageToolbarSavedSearch_Hover_40x40" Description="PageToolbarSavedSearch_Hover_40x40" FileName="PageToolbarSavedSearch_Hover_40x40.png" ResourceOwner="FNDWIN" ResourceType="0" IsCommon="True" />
  <Resource Name="PageToolbarSavedSearch_Hover_60x60" Description="PageToolbarSavedSearch_Hover_60x60" FileName="PageToolbarSavedSearch_Hover_60x60.png" ResourceOwner="FNDWIN" ResourceType="0" IsCommon="True" />
  <Resource Name="PageToolbarSavedSearch_Hover_80x80" Description="PageToolbarSavedSearch_Hover_80x80" FileName="PageToolbarSavedSearch_Hover_80x80.png" ResourceOwner="FNDWIN" ResourceType="0" IsCommon="True" />
  <Resource Name="PageToolbarSearch_40x40" Description="PageToolbarSearch_40x40" FileName="PageToolbarSearch_40x40.png" ResourceOwner="FNDWIN" ResourceType="0" IsCommon="True" />
  <Resource Name="PageToolbarSearch_60x60" Description="PageToolbarSearch_60x60" FileName="PageToolbarSearch_60x60.png" ResourceOwner="FNDWIN" ResourceType="0" IsCommon="True" />
  <Resource Name="PageToolbarSearch_80x80" Description="PageToolbarSearch_80x80" FileName="PageToolbarSearch_80x80.png" ResourceOwner="FNDWIN" ResourceType="0" IsCommon="True" />
  <Resource Name="PageToolbarSearch_Hover_40x40" Description="PageToolbarSearch_Hover_40x40" FileName="PageToolbarSearch_Hover_40x40.png" ResourceOwner="FNDWIN" ResourceType="0" IsCommon="True" />
  <Resource Name="PageToolbarSearch_Hover_60x60" Description="PageToolbarSearch_Hover_60x60" FileName="PageToolbarSearch_Hover_60x60.png" ResourceOwner="FNDWIN" ResourceType="0" IsCommon="True" />
  <Resource Name="PageToolbarSearch_Hover_80x80" Description="PageToolbarSearch_Hover_80x80" FileName="PageToolbarSearch_Hover_80x80.png" ResourceOwner="FNDWIN" ResourceType="0" IsCommon="True" />
  <Resource Name="PageToolbarTemplates_40x40" Description="PageToolbarTemplates_40x40" FileName="PageToolbarTemplates_40x40.png" ResourceOwner="FNDWIN" ResourceType="0" IsCommon="True" />
  <Resource Name="PageToolbarTemplates_60x60" Description="PageToolbarTemplates_60x60" FileName="PageToolbarTemplates_60x60.png" ResourceOwner="FNDWIN" ResourceType="0" IsCommon="True" />
  <Resource Name="PageToolbarTemplates_80x80" Description="PageToolbarTemplates_80x80" FileName="PageToolbarTemplates_80x80.png" ResourceOwner="FNDWIN" ResourceType="0" IsCommon="True" />
  <Resource Name="PageToolbarTemplates_Hover_40x40" Description="PageToolbarTemplates_Hover_40x40" FileName="PageToolbarTemplates_Hover_40x40.png" ResourceOwner="FNDWIN" ResourceType="0" IsCommon="True" />
  <Resource Name="PageToolbarTemplates_Hover_60x60" Description="PageToolbarTemplates_Hover_60x60" FileName="PageToolbarTemplates_Hover_60x60.png" ResourceOwner="FNDWIN" ResourceType="0" IsCommon="True" />
  <Resource Name="PageToolbarTemplates_Hover_80x80" Description="PageToolbarTemplates_Hover_80x80" FileName="PageToolbarTemplates_Hover_80x80.png" ResourceOwner="FNDWIN" ResourceType="0" IsCommon="True" />
  <Resource Name="PageToolbarTouchContextMenu_40x40" Description="PageToolbarTouchContextMenu_40x40" FileName="PageToolbarTouchContextMenu_40x40.png" ResourceOwner="FNDWIN" ResourceType="0" IsCommon="True" />
  <Resource Name="PageToolbarTouchContextMenu_60x60" Description="PageToolbarTouchContextMenu_60x60" FileName="PageToolbarTouchContextMenu_60x60.png" ResourceOwner="FNDWIN" ResourceType="0" IsCommon="True" />
  <Resource Name="PageToolbarTouchContextMenu_80x80" Description="PageToolbarTouchContextMenu_80x80" FileName="PageToolbarTouchContextMenu_80x80.png" ResourceOwner="FNDWIN" ResourceType="0" IsCommon="True" />
  <Resource Name="PageToolbarTouchContextMenu_Hover_40x40" Description="PageToolbarTouchContextMenu_Hover_40x40" FileName="PageToolbarTouchContextMenu_Hover_40x40.png" ResourceOwner="FNDWIN" ResourceType="0" IsCommon="True" />
  <Resource Name="PageToolbarTouchContextMenu_Hover_60x60" Description="PageToolbarTouchContextMenu_Hover_60x60" FileName="PageToolbarTouchContextMenu_Hover_60x60.png" ResourceOwner="FNDWIN" ResourceType="0" IsCommon="True" />
  <Resource Name="PageToolbarTouchContextMenu_Hover_80x80" Description="PageToolbarTouchContextMenu_Hover_80x80" FileName="PageToolbarTouchContextMenu_Hover_80x80.png" ResourceOwner="FNDWIN" ResourceType="0" IsCommon="True" />
  <Resource Name="PageToolbarZoom_40x40" Description="PageToolbarZoom_40x40" FileName="PageToolbarZoom_40x40.png" ResourceOwner="FNDWIN" ResourceType="0" IsCommon="True" />
  <Resource Name="PageToolbarZoom_60x60" Description="PageToolbarZoom_60x60" FileName="PageToolbarZoom_60x60.png" ResourceOwner="FNDWIN" ResourceType="0" IsCommon="True" />
  <Resource Name="PageToolbarZoom_80x80" Description="PageToolbarZoom_80x80" FileName="PageToolbarZoom_80x80.png" ResourceOwner="FNDWIN" ResourceType="0" IsCommon="True" />
  <Resource Name="PageToolbarZoom_Hover_40x40" Description="PageToolbarZoom_Hover_40x40" FileName="PageToolbarZoom_Hover_40x40.png" ResourceOwner="FNDWIN" ResourceType="0" IsCommon="True" />
  <Resource Name="PageToolbarZoom_Hover_60x60" Description="PageToolbarZoom_Hover_60x60" FileName="PageToolbarZoom_Hover_60x60.png" ResourceOwner="FNDWIN" ResourceType="0" IsCommon="True" />
  <Resource Name="PageToolbarZoom_Hover_80x80" Description="PageToolbarZoom_Hover_80x80" FileName="PageToolbarZoom_Hover_80x80.png" ResourceOwner="FNDWIN" ResourceType="0" IsCommon="True" />
  <Resource Name="FeatureToolbarDropDownArrowSouthEast_6x6" Description="FeatureToolbarDropDownArrowSouthEast_6x6" FileName="FeatureToolbarDropDownArrowSouthEast_6x6.png" ResourceOwner="FNDWIN" ResourceType="0" IsCommon="True" />
  <Resource Name="FeatureToolbarDropDownArrowSouthEast_9x9" Description="FeatureToolbarDropDownArrowSouthEast_9x9" FileName="FeatureToolbarDropDownArrowSouthEast_9x9.png" ResourceOwner="FNDWIN" ResourceType="0" IsCommon="True" />
  <Resource Name="FeatureToolbarDropDownArrowSouthEast_12x12" Description="FeatureToolbarDropDownArrowSouthEast_12x12" FileName="FeatureToolbarDropDownArrowSouthEast_12x12.png" ResourceOwner="FNDWIN" ResourceType="0" IsCommon="True" />
  <Resource Name="FeatureToolbarDropDownArrowSouthEast_Hover_6x6" Description="FeatureToolbarDropDownArrowSouthEast_Hover_6x6" FileName="FeatureToolbarDropDownArrowSouthEast_Hover_6x6.png" ResourceOwner="FNDWIN" ResourceType="0" IsCommon="True" />
  <Resource Name="FeatureToolbarDropDownArrowSouthEast_Hover_9x9" Description="FeatureToolbarDropDownArrowSouthEast_Hover_9x9" FileName="FeatureToolbarDropDownArrowSouthEast_Hover_9x9.png" ResourceOwner="FNDWIN" ResourceType="0" IsCommon="True" />
  <Resource Name="FeatureToolbarDropDownArrowSouthEast_Hover_12x12" Description="FeatureToolbarDropDownArrowSouthEast_Hover_12x12" FileName="FeatureToolbarDropDownArrowSouthEast_Hover_12x12.png" ResourceOwner="FNDWIN" ResourceType="0" IsCommon="True" />
  <Resource Name="FeatureToolbarDropDownArrowSouthWest_6x6" Description="FeatureToolbarDropDownArrowSouthWest_6x6" FileName="FeatureToolbarDropDownArrowSouthWest_6x6.png" ResourceOwner="FNDWIN" ResourceType="0" IsCommon="True" />
  <Resource Name="FeatureToolbarDropDownArrowSouthWest_9x9" Description="FeatureToolbarDropDownArrowSouthWest_9x9" FileName="FeatureToolbarDropDownArrowSouthWest_9x9.png" ResourceOwner="FNDWIN" ResourceType="0" IsCommon="True" />
  <Resource Name="FeatureToolbarDropDownArrowSouthWest_12x12" Description="FeatureToolbarDropDownArrowSouthWest_12x12" FileName="FeatureToolbarDropDownArrowSouthWest_12x12.png" ResourceOwner="FNDWIN" ResourceType="0" IsCommon="True" />
  <Resource Name="FeatureToolbarDropDownArrowSouthWest_Hover_6x6" Description="FeatureToolbarDropDownArrowSouthWest_Hover_6x6" FileName="FeatureToolbarDropDownArrowSouthWest_Hover_6x6.png" ResourceOwner="FNDWIN" ResourceType="0" IsCommon="True" />
  <Resource Name="FeatureToolbarDropDownArrowSouthWest_Hover_9x9" Description="FeatureToolbarDropDownArrowSouthWest_Hover_9x9" FileName="FeatureToolbarDropDownArrowSouthWest_Hover_9x9.png" ResourceOwner="FNDWIN" ResourceType="0" IsCommon="True" />
  <Resource Name="FeatureToolbarDropDownArrowSouthWest_Hover_12x12" Description="FeatureToolbarDropDownArrowSouthWest_Hover_12x12" FileName="FeatureToolbarDropDownArrowSouthWest_Hover_12x12.png" ResourceOwner="FNDWIN" ResourceType="0" IsCommon="True" />
  <Resource Name="FeatureToolbarOverflowLeft_12x12" Description="FeatureToolbarOverflowLeft_12x12" FileName="FeatureToolbarOverflowLeft_12x12.png" ResourceOwner="FNDWIN" ResourceType="0" IsCommon="True" />
  <Resource Name="FeatureToolbarOverflowLeft_18x18" Description="FeatureToolbarOverflowLeft_18x18" FileName="FeatureToolbarOverflowLeft_18x18.png" ResourceOwner="FNDWIN" ResourceType="0" IsCommon="True" />
  <Resource Name="FeatureToolbarOverflowLeft_24x24" Description="FeatureToolbarOverflowLeft_24x24" FileName="FeatureToolbarOverflowLeft_24x24.png" ResourceOwner="FNDWIN" ResourceType="0" IsCommon="True" />
  <Resource Name="FeatureToolbarOverflowRight_12x12" Description="FeatureToolbarOverflowRight_12x12" FileName="FeatureToolbarOverflowRight_12x12.png" ResourceOwner="FNDWIN" ResourceType="0" IsCommon="True" />
  <Resource Name="FeatureToolbarOverflowRight_18x18" Description="FeatureToolbarOverflowRight_18x18" FileName="FeatureToolbarOverflowRight_18x18.png" ResourceOwner="FNDWIN" ResourceType="0" IsCommon="True" />
  <Resource Name="FeatureToolbarOverflowRight_24x24" Description="FeatureToolbarOverflowRight_24x24" FileName="FeatureToolbarOverflowRight_24x24.png" ResourceOwner="FNDWIN" ResourceType="0" IsCommon="True" />
  <Resource Name="RibbonCollapseExpandRight_12x12" Description="RibbonCollapseExpandRight_12x12" FileName="RibbonCollapseExpandRight_12x12.png" ResourceOwner="FNDWIN" ResourceType="0" IsCommon="True" />
  <Resource Name="RibbonCollapseExpandRight_18x18" Description="RibbonCollapseExpandRight_18x18" FileName="RibbonCollapseExpandRight_18x18.png" ResourceOwner="FNDWIN" ResourceType="0" IsCommon="True" />
  <Resource Name="RibbonCollapseExpandRight_24x24" Description="RibbonCollapseExpandRight_24x24" FileName="RibbonCollapseExpandRight_24x24.png" ResourceOwner="FNDWIN" ResourceType="0" IsCommon="True" />
  <Resource Name="RibbonCollapseExpandUp_12x12" Description="RibbonCollapseExpandUp_12x12" FileName="RibbonCollapseExpandUp_12x12.png" ResourceOwner="FNDWIN" ResourceType="0" IsCommon="True" />
  <Resource Name="RibbonCollapseExpandUp_18x18" Description="RibbonCollapseExpandUp_18x18" FileName="RibbonCollapseExpandUp_18x18.png" ResourceOwner="FNDWIN" ResourceType="0" IsCommon="True" />
  <Resource Name="RibbonCollapseExpandUp_24x24" Description="RibbonCollapseExpandUp_24x24" FileName="RibbonCollapseExpandUp_24x24.png" ResourceOwner="FNDWIN" ResourceType="0" IsCommon="True" />
  <Resource Name="PageToolbarInfoCard_40x40" Description="PageToolbarInfoCard_40x40" FileName="PageToolbarInfoCard_40x40.png" ResourceOwner="FNDWIN" ResourceType="0" IsCommon="True" />
  <Resource Name="PageToolbarInfoCard_60x60" Description="PageToolbarInfoCard_60x60" FileName="PageToolbarInfoCard_60x60.png" ResourceOwner="FNDWIN" ResourceType="0" IsCommon="True" />
  <Resource Name="PageToolbarInfoCard_80x80" Description="PageToolbarInfoCard_80x80" FileName="PageToolbarInfoCard_80x80.png" ResourceOwner="FNDWIN" ResourceType="0" IsCommon="True" />
  <Resource Name="PageToolbarInfoCard_Hover_40x40" Description="PageToolbarInfoCard_Hover_40x40" FileName="PageToolbarInfoCard_Hover_40x40.png" ResourceOwner="FNDWIN" ResourceType="0" IsCommon="True" />
  <Resource Name="PageToolbarInfoCard_Hover_60x60" Description="PageToolbarInfoCard_Hover_60x60" FileName="PageToolbarInfoCard_Hover_60x60.png" ResourceOwner="FNDWIN" ResourceType="0" IsCommon="True" />
  <Resource Name="PageToolbarInfoCard_Hover_80x80" Description="PageToolbarInfoCard_Hover_80x80" FileName="PageToolbarInfoCard_Hover_80x80.png" ResourceOwner="FNDWIN" ResourceType="0" IsCommon="True" />
  <Resource Name="PageToolbarNotes_40x40" Description="PageToolbarNotes_40x40" FileName="PageToolbarNotes_40x40.png" ResourceOwner="FNDWIN" ResourceType="0" IsCommon="True" />
  <Resource Name="PageToolbarNotes_60x60" Description="PageToolbarNotes_60x60" FileName="PageToolbarNotes_60x60.png" ResourceOwner="FNDWIN" ResourceType="0" IsCommon="True" />
  <Resource Name="PageToolbarNotes_80x80" Description="PageToolbarNotes_80x80" FileName="PageToolbarNotes_80x80.png" ResourceOwner="FNDWIN" ResourceType="0" IsCommon="True" />
  <Resource Name="PageToolbarNotes_Hover_40x40" Description="PageToolbarNotes_Hover_40x40" FileName="PageToolbarNotes_Hover_40x40.png" ResourceOwner="FNDWIN" ResourceType="0" IsCommon="True" />
  <Resource Name="PageToolbarNotes_Hover_60x60" Description="PageToolbarNotes_Hover_60x60" FileName="PageToolbarNotes_Hover_60x60.png" ResourceOwner="FNDWIN" ResourceType="0" IsCommon="True" />
  <Resource Name="PageToolbarNotes_Hover_80x80" Description="PageToolbarNotes_Hover_80x80" FileName="PageToolbarNotes_Hover_80x80.png" ResourceOwner="FNDWIN" ResourceType="0" IsCommon="True" />
  <Resource Name="PageToolbarNotesNew_40x40" Description="PageToolbarNotesNew_40x40" FileName="PageToolbarNotesNew_40x40.png" ResourceOwner="FNDWIN" ResourceType="0" IsCommon="True" />
  <Resource Name="PageToolbarNotesNew_60x60" Description="PageToolbarNotesNew_60x60" FileName="PageToolbarNotesNew_60x60.png" ResourceOwner="FNDWIN" ResourceType="0" IsCommon="True" />
  <Resource Name="PageToolbarNotesNew_80x80" Description="PageToolbarNotesNew_80x80" FileName="PageToolbarNotesNew_80x80.png" ResourceOwner="FNDWIN" ResourceType="0" IsCommon="True" />
  <Resource Name="PageToolbarNotesNew_Hover_40x40" Description="PageToolbarNotesNew_Hover_40x40" FileName="PageToolbarNotesNew_Hover_40x40.png" ResourceOwner="FNDWIN" ResourceType="0" IsCommon="True" />
  <Resource Name="PageToolbarNotesNew_Hover_60x60" Description="PageToolbarNotesNew_Hover_60x60" FileName="PageToolbarNotesNew_Hover_60x60.png" ResourceOwner="FNDWIN" ResourceType="0" IsCommon="True" />
  <Resource Name="PageToolbarNotesNew_Hover_80x80" Description="PageToolbarNotesNew_Hover_80x80" FileName="PageToolbarNotesNew_Hover_80x80.png" ResourceOwner="FNDWIN" ResourceType="0" IsCommon="True" />
  <Resource Name="PageToolbarNotesUnknown_40x40" Description="PageToolbarNotesUnknown_40x40" FileName="PageToolbarNotesUnknown_40x40.png" ResourceOwner="FNDWIN" ResourceType="0" IsCommon="True" />
  <Resource Name="PageToolbarNotesUnknown_60x60" Description="PageToolbarNotesUnknown_60x60" FileName="PageToolbarNotesUnknown_60x60.png" ResourceOwner="FNDWIN" ResourceType="0" IsCommon="True" />
  <Resource Name="PageToolbarNotesUnknown_80x80" Description="PageToolbarNotesUnknown_80x80" FileName="PageToolbarNotesUnknown_80x80.png" ResourceOwner="FNDWIN" ResourceType="0" IsCommon="True" />
  <Resource Name="PageToolbarNotesUnknown_Hover_40x40" Description="PageToolbarNotesUnknown_Hover_40x40" FileName="PageToolbarNotesUnknown_Hover_40x40.png" ResourceOwner="FNDWIN" ResourceType="0" IsCommon="True" />
  <Resource Name="PageToolbarNotesUnknown_Hover_60x60" Description="PageToolbarNotesUnknown_Hover_60x60" FileName="PageToolbarNotesUnknown_Hover_60x60.png" ResourceOwner="FNDWIN" ResourceType="0" IsCommon="True" />
  <Resource Name="PageToolbarNotesUnknown_Hover_80x80" Description="PageToolbarNotesUnknown_Hover_80x80" FileName="PageToolbarNotesUnknown_Hover_80x80.png" ResourceOwner="FNDWIN" ResourceType="0" IsCommon="True" />
  <Resource Name="MyToDoItemFollowUpBlueFlag_16x16" Description="MyToDoItemFollowUpBlueFlag_16x16" FileName="MyToDoItemFollowUpBlueFlag_16x16.png" ResourceOwner="FNDWIN" ResourceType="0" IsCommon="True" />
  <Resource Name="MyToDoItemFollowUpGreenFlag_16x16" Description="MyToDoItemFollowUpGreenFlag_16x16" FileName="MyToDoItemFollowUpGreenFlag_16x16.png" ResourceOwner="FNDWIN" ResourceType="0" IsCommon="True" />
  <Resource Name="MyToDoItemFollowUpRedFlag_16x16" Description="MyToDoItemFollowUpRedFlag_16x16" FileName="MyToDoItemFollowUpRedFlag_16x16.png" ResourceOwner="FNDWIN" ResourceType="0" IsCommon="True" />
  <Resource Name="MyToDoItemFollowUpYellowFlag_16x16" Description="MyToDoItemFollowUpYellowFlag_16x16" FileName="MyToDoItemFollowUpYellowFlag_16x16.png" ResourceOwner="FNDWIN" ResourceType="0" IsCommon="True" />
  <Resource Name="MyToDoItemPriorityHigh_16x16" Description="MyToDoItemPriorityHigh_16x16" FileName="MyToDoItemPriorityHigh_16x16.png" ResourceOwner="FNDWIN" ResourceType="0" IsCommon="True" />
  <Resource Name="MyToDoItemPriorityLow_16x16" Description="MyToDoItemPriorityLow_16x16" FileName="MyToDoItemPriorityLow_16x16.png" ResourceOwner="FNDWIN" ResourceType="0" IsCommon="True" />
  <Resource Name="MyToDoItemShared_16x16" Description="MyToDoItemShared_16x16" FileName="MyToDoItemShared_16x16.png" ResourceOwner="FNDWIN" ResourceType="0" IsCommon="True" />
  <Resource Name="MyToDoItemTypeAlert_16x16" Description="MyToDoItemTypeAlert_16x16" FileName="MyToDoItemTypeAlert_16x16.png" ResourceOwner="FNDWIN" ResourceType="0" IsCommon="True" />
  <Resource Name="MyToDoItemTypeDraft_16x16" Description="MyToDoItemTypeDraft_16x16" FileName="MyToDoItemTypeDraft_16x16.png" ResourceOwner="FNDWIN" ResourceType="0" IsCommon="True" />
  <Resource Name="MyToDoItemTypeSavedSearch_16x16" Description="MyToDoItemTypeSavedSearch_16x16" FileName="MyToDoItemTypeSavedSearch_16x16.png" ResourceOwner="FNDWIN" ResourceType="0" IsCommon="True" />
  <Resource Name="MyToDoItemTypeSelection_16x16" Description="MyToDoItemTypeSelection_16x16" FileName="MyToDoItemTypeSelection_16x16.png" ResourceOwner="FNDWIN" ResourceType="0" IsCommon="True" />
  <Resource Name="MyToDoItemTypeWorkflow_16x16" Description="MyToDoItemTypeWorkflow_16x16" FileName="MyToDoItemTypeWorkflow_16x16.png" ResourceOwner="FNDWIN" ResourceType="0" IsCommon="True" />
  <Resource Name="MyToDoItemTypeDone_16x16" Description="MyToDoItemTypeDone_16x16" FileName="MyToDoItemTypeDone_16x16.png" ResourceOwner="FNDWIN" ResourceType="0" IsCommon="True" />
  <Resource Name="ToolstripIconContextMenu" Description="ToolstripIconContextMenu" FileName="ToolstripIconContextMenu.xaml" ResourceOwner="FNDWIN" ResourceType="4" IsCommon="True" />
  <Resource Name="ToolstripIconExitFullScreen" Description="ToolstripIconExitFullScreen" FileName="ToolstripIconExitFullScreen.xaml" ResourceOwner="FNDWIN" ResourceType="4" IsCommon="True" />
  <Resource Name="ToolstripIconFullScreen" Description="ToolstripIconFullScreen" FileName="ToolstripIconFullScreen.xaml" ResourceOwner="FNDWIN" ResourceType="4" IsCommon="True" />
  <Resource Name="ToolstripIconNewWindow" Description="ToolstripIconNewWindow" FileName="ToolstripIconNewWindow.xaml" ResourceOwner="FNDWIN" ResourceType="4" IsCommon="True" />
  <Resource Name="BreadcrumbRootIcon" Description="BreadcrumbRootIcon" FileName="BreadcrumbRootIcon.xaml" ResourceOwner="FNDWIN" ResourceType="4" IsCommon="True" />
  <Resource Name="BreadcrumbSeparator" Description="BreadcrumbSeparator" FileName="BreadcrumbSeparator.xaml" ResourceOwner="FNDWIN" ResourceType="4" IsCommon="True" />
  <Resource Name="SearchIcon" Description="SearchIcon" FileName="SearchIcon.xaml" ResourceOwner="FNDWIN" ResourceType="4" IsCommon="True" />
  <Resource Name="ToolstripIconNavigateBack" Description="ToolstripIconNavigateBack" FileName="ToolstripIconNavigateBack.xaml" ResourceOwner="FNDWIN" ResourceType="4" IsCommon="True" />
  <Resource Name="ToolstripIconNavigateHome" Description="ToolstripIconNavigateHome" FileName="ToolstripIconNavigateHome.xaml" ResourceOwner="FNDWIN" ResourceType="4" IsCommon="True" />
  <Resource Name="ToolstripIconNavigateNext" Description="ToolstripIconNavigateNext" FileName="ToolstripIconNavigateNext.xaml" ResourceOwner="FNDWIN" ResourceType="4" IsCommon="True" />
  <Resource Name="ToolstripIconRefresh" Description="ToolstripIconRefresh" FileName="ToolstripIconRefresh.xaml" ResourceOwner="FNDWIN" ResourceType="4" IsCommon="True" />
  <Resource Name="ToolstripIconNavigationSpaces" Description="ToolstripIconNavigationSpaces" FileName="ToolstripIconNavigationSpaces.xaml" ResourceOwner="FNDWIN" ResourceType="4" IsCommon="True" />
  <Resource Name="ToolstripIconStop" Description="ToolstripIconStop" FileName="ToolstripIconStop.xaml" ResourceOwner="FNDWIN" ResourceType="4" IsCommon="True" />
  <Resource Name="BreadcrumbIndexIcon" Description="BreadcrumbIndexIcon" FileName="BreadcrumbIndexIcon.xaml" ResourceOwner="FNDWIN" ResourceType="4" IsCommon="True" />
  <Resource Name="ToolstripIconStreams" Description="ToolstripIconStreams" FileName="ToolstripIconStreams.xaml" ResourceOwner="FNDWIN" ResourceType="4" IsCommon="True" />
  <Resource Name="DropDownIcon" Description="DropDownIcon" FileName="DropDownIcon.xaml" ResourceOwner="FNDWIN" ResourceType="4" IsCommon="True" />
  <Resource Name="ToolstripIconUnknownUser" Description="ToolstripIconUnknownUser" FileName="ToolstripIconUnknownUser.xaml" ResourceOwner="FNDWIN" ResourceType="4" IsCommon="True" />
  <Resource Name="ShowHideNavigator" Description="ShowHideNavigator" FileName="ShowHideNavigator.xaml" ResourceOwner="FNDWIN" ResourceType="4" IsCommon="True" />
  <Resource Name="BannerDropDownDefault" Description="BannerDropDownDefault" FileName="BannerDropDownDefault.xaml" ResourceOwner="FNDWIN" ResourceType="4" IsCommon="True" />
  <Resource Name="BannerDropDownPressed" Description="BannerDropDownPressed" FileName="BannerDropDownPressed.xaml" ResourceOwner="FNDWIN" ResourceType="4" IsCommon="True" />
  <Resource Name="NavigatorTreeNodeChart16x16" Description="NavigatorTreeNodeChart16x16" FileName="NavigatorTreeNodeChart16x16.png" ResourceOwner="FNDWIN" ResourceType="0" IsCommon="True" />
  <Resource Name="GraphToolBarLegendHide_24x24" Description="GraphToolBarLegendHide_24x24" FileName="GraphToolBarLegendHide_24x24.png" ResourceOwner="FNDWIN" ResourceType="0" IsCommon="True" />
  <Resource Name="GraphToolBarLegendHide_36x36" Description="GraphToolBarLegendHide_36x36" FileName="GraphToolBarLegendHide_36x36.png" ResourceOwner="FNDWIN" ResourceType="0" IsCommon="True" />
  <Resource Name="GraphToolBarLegendHide_48x48" Description="GraphToolBarLegendHide_48x48" FileName="GraphToolBarLegendHide_48x48.png" ResourceOwner="FNDWIN" ResourceType="0" IsCommon="True" />
  <Resource Name="GraphToolBarLegendHide_Hover_24x24" Description="GraphToolBarLegendHide_Hover_24x24" FileName="GraphToolBarLegendHide_Hover_24x24.png" ResourceOwner="FNDWIN" ResourceType="0" IsCommon="True" />
  <Resource Name="GraphToolBarLegendHide_Hover_36x36" Description="GraphToolBarLegendHide_Hover_36x36" FileName="GraphToolBarLegendHide_Hover_36x36.png" ResourceOwner="FNDWIN" ResourceType="0" IsCommon="True" />
  <Resource Name="GraphToolBarLegendHide_Hover_48x48" Description="GraphToolBarLegendHide_Hover_48x48" FileName="GraphToolBarLegendHide_Hover_48x48.png" ResourceOwner="FNDWIN" ResourceType="0" IsCommon="True" />
  <Resource Name="GraphToolBarLegendMaximize_24x24" Description="GraphToolBarLegendMaximize_24x24" FileName="GraphToolBarLegendMaximize_24x24.png" ResourceOwner="FNDWIN" ResourceType="0" IsCommon="True" />
  <Resource Name="GraphToolBarLegendMaximize_36x36" Description="GraphToolBarLegendMaximize_36x36" FileName="GraphToolBarLegendMaximize_36x36.png" ResourceOwner="FNDWIN" ResourceType="0" IsCommon="True" />
  <Resource Name="GraphToolBarLegendMaximize_48x48" Description="GraphToolBarLegendMaximize_48x48" FileName="GraphToolBarLegendMaximize_48x48.png" ResourceOwner="FNDWIN" ResourceType="0" IsCommon="True" />
  <Resource Name="GraphToolBarLegendMaximize_Hover_24x24" Description="GraphToolBarLegendMaximize_Hover_24x24" FileName="GraphToolBarLegendMaximize_Hover_24x24.png" ResourceOwner="FNDWIN" ResourceType="0" IsCommon="True" />
  <Resource Name="GraphToolBarLegendMaximize_Hover_36x36" Description="GraphToolBarLegendMaximize_Hover_36x36" FileName="GraphToolBarLegendMaximize_Hover_36x36.png" ResourceOwner="FNDWIN" ResourceType="0" IsCommon="True" />
  <Resource Name="GraphToolBarLegendMaximize_Hover_48x48" Description="GraphToolBarLegendMaximize_Hover_48x48" FileName="GraphToolBarLegendMaximize_Hover_48x48.png" ResourceOwner="FNDWIN" ResourceType="0" IsCommon="True" />
  <Resource Name="GraphToolBarLegendReset_24x24" Description="GraphToolBarLegendReset_24x24" FileName="GraphToolBarLegendReset_24x24.png" ResourceOwner="FNDWIN" ResourceType="0" IsCommon="True" />
  <Resource Name="GraphToolBarLegendReset_36x36" Description="GraphToolBarLegendReset_36x36" FileName="GraphToolBarLegendReset_36x36.png" ResourceOwner="FNDWIN" ResourceType="0" IsCommon="True" />
  <Resource Name="GraphToolBarLegendReset_48x48" Description="GraphToolBarLegendReset_48x48" FileName="GraphToolBarLegendReset_48x48.png" ResourceOwner="FNDWIN" ResourceType="0" IsCommon="True" />
  <Resource Name="GraphToolBarLegendReset_Hover_24x24" Description="GraphToolBarLegendReset_Hover_24x24" FileName="GraphToolBarLegendReset_Hover_24x24.png" ResourceOwner="FNDWIN" ResourceType="0" IsCommon="True" />
  <Resource Name="GraphToolBarLegendReset_Hover_36x36" Description="GraphToolBarLegendReset_Hover_36x36" FileName="GraphToolBarLegendReset_Hover_36x36.png" ResourceOwner="FNDWIN" ResourceType="0" IsCommon="True" />
  <Resource Name="GraphToolBarLegendReset_Hover_48x48" Description="GraphToolBarLegendReset_Hover_48x48" FileName="GraphToolBarLegendReset_Hover_48x48.png" ResourceOwner="FNDWIN" ResourceType="0" IsCommon="True" />
  <Resource Name="GraphToolBarLegendTooltipOff_24x24" Description="GraphToolBarLegendTooltipOff_24x24" FileName="GraphToolBarLegendTooltipOff_24x24.png" ResourceOwner="FNDWIN" ResourceType="0" IsCommon="True" />
  <Resource Name="GraphToolBarLegendTooltipOff_32x32" Description="GraphToolBarLegendTooltipOff_32x32" FileName="GraphToolBarLegendTooltipOff_32x32.png" ResourceOwner="FNDWIN" ResourceType="0" IsCommon="True" />
  <Resource Name="GraphToolBarLegendTooltipOff_48x48" Description="GraphToolBarLegendTooltipOff_48x48" FileName="GraphToolBarLegendTooltipOff_48x48.png" ResourceOwner="FNDWIN" ResourceType="0" IsCommon="True" />
  <Resource Name="GraphToolBarLegendTooltipOff_Hover_24x24" Description="GraphToolBarLegendTooltipOff_Hover_24x24" FileName="GraphToolBarLegendTooltipOff_Hover_24x24.png" ResourceOwner="FNDWIN" ResourceType="0" IsCommon="True" />
  <Resource Name="GraphToolBarLegendTooltipOff_Hover_36x36" Description="GraphToolBarLegendTooltipOff_Hover_36x36" FileName="GraphToolBarLegendTooltipOff_Hover_36x36.png" ResourceOwner="FNDWIN" ResourceType="0" IsCommon="True" />
  <Resource Name="GraphToolBarLegendTooltipOff_Hover_48x48" Description="GraphToolBarLegendTooltipOff_Hover_48x48" FileName="GraphToolBarLegendTooltipOff_Hover_48x48.png" ResourceOwner="FNDWIN" ResourceType="0" IsCommon="True" />
  <Resource Name="GraphToolBarLegendTooltipOn_24x24" Description="GraphToolBarLegendTooltipOn_24x24" FileName="GraphToolBarLegendTooltipOn_24x24.png" ResourceOwner="FNDWIN" ResourceType="0" IsCommon="True" />
  <Resource Name="GraphToolBarLegendTooltipOn_36x36" Description="GraphToolBarLegendTooltipOn_36x36" FileName="GraphToolBarLegendTooltipOn_36x36.png" ResourceOwner="FNDWIN" ResourceType="0" IsCommon="True" />
  <Resource Name="GraphToolBarLegendTooltipOn_48x48" Description="GraphToolBarLegendTooltipOn_48x48" FileName="GraphToolBarLegendTooltipOn_48x48.png" ResourceOwner="FNDWIN" ResourceType="0" IsCommon="True" />
  <Resource Name="GraphToolBarLegendTooltipOn_Hover_24x24" Description="GraphToolBarLegendTooltipOn_Hover_24x24" FileName="GraphToolBarLegendTooltipOn_Hover_24x24.png" ResourceOwner="FNDWIN" ResourceType="0" IsCommon="True" />
  <Resource Name="GraphToolBarLegendTooltipOn_Hover_36x36" Description="GraphToolBarLegendTooltipOn_Hover_36x36" FileName="GraphToolBarLegendTooltipOn_Hover_36x36.png" ResourceOwner="FNDWIN" ResourceType="0" IsCommon="True" />
  <Resource Name="GraphToolBarLegendTooltipOn_Hover_48x48" Description="GraphToolBarLegendTooltipOn_Hover_48x48" FileName="GraphToolBarLegendTooltipOn_Hover_48x48.png" ResourceOwner="FNDWIN" ResourceType="0" IsCommon="True" />
  <Resource Name="GraphToolBarZoomBack_24x24" Description="GraphToolBarZoomBack_24x24" FileName="GraphToolBarZoomBack_24x24.png" ResourceOwner="FNDWIN" ResourceType="0" IsCommon="True" />
  <Resource Name="GraphToolBarZoomBack_36x36" Description="GraphToolBarZoomBack_36x36" FileName="GraphToolBarZoomBack_36x36.png" ResourceOwner="FNDWIN" ResourceType="0" IsCommon="True" />
  <Resource Name="GraphToolBarZoomBack_48x48" Description="GraphToolBarZoomBack_48x48" FileName="GraphToolBarZoomBack_48x48.png" ResourceOwner="FNDWIN" ResourceType="0" IsCommon="True" />
  <Resource Name="GraphToolBarZoomBack_Hover_24x24" Description="GraphToolBarZoomBack_Hover_24x24" FileName="GraphToolBarZoomBack_Hover_24x24.png" ResourceOwner="FNDWIN" ResourceType="0" IsCommon="True" />
  <Resource Name="GraphToolBarZoomBack_Hover_36x36" Description="GraphToolBarZoomBack_Hover_36x36" FileName="GraphToolBarZoomBack_Hover_36x36.png" ResourceOwner="FNDWIN" ResourceType="0" IsCommon="True" />
  <Resource Name="GraphToolBarZoomBack_Hover_48x48" Description="GraphToolBarZoomBack_Hover_48x48" FileName="GraphToolBarZoomBack_Hover_48x48.png" ResourceOwner="FNDWIN" ResourceType="0" IsCommon="True" />
  <Resource Name="GridNew_16x16" Description="GridNew_16x16" FileName="GridNew_16x16.png" ResourceOwner="FNDWIN" ResourceType="0" IsCommon="True" />
  <Resource Name="GridNew_24x24" Description="GridNew_24x24" FileName="GridNew_24x24.png" ResourceOwner="FNDWIN" ResourceType="0" IsCommon="True" />
  <Resource Name="GridNew_32x32" Description="GridNew_32x32" FileName="GridNew_32x32.png" ResourceOwner="FNDWIN" ResourceType="0" IsCommon="True" />
  <Resource Name="Warning_16x16" Description="Warning_16x16" FileName="Warning_16x16.png" ResourceOwner="FNDWIN" ResourceType="0" IsCommon="True" />
  <Resource Name="Warning_24x24" Description="Warning_24x24" FileName="Warning_24x24.png" ResourceOwner="FNDWIN" ResourceType="0" IsCommon="True" />
  <Resource Name="Warning_32x32" Description="Warning_32x32" FileName="Warning_32x32.png" ResourceOwner="FNDWIN" ResourceType="0" IsCommon="True" />
  <Resource Name="Zigma_16x16" Description="Zigma_16x16" FileName="Zigma_16x16.png" ResourceOwner="FNDWIN" ResourceType="0" IsCommon="True" />
  <Resource Name="Zigma_24x24" Description="Zigma_24x24" FileName="Zigma_24x24.png" ResourceOwner="FNDWIN" ResourceType="0" IsCommon="True" />
  <Resource Name="Zigma_32x32" Description="Zigma_32x32" FileName="Zigma_32x32.png" ResourceOwner="FNDWIN" ResourceType="0" IsCommon="True" />
  <Resource Name="PageToolbarInfoVisualizer_40x40" Description="PageToolbarInfoVisualizer_40x40" FileName="PageToolbarInfoVisualizer_40x40.png" ResourceOwner="FNDWIN" ResourceType="0" IsCommon="True" />
  <Resource Name="PageToolbarInfoVisualizer_60x60" Description="PageToolbarInfoVisualizer_60x60" FileName="PageToolbarInfoVisualizer_60x60.png" ResourceOwner="FNDWIN" ResourceType="0" IsCommon="True" />
  <Resource Name="PageToolbarInfoVisualizer_80x80" Description="PageToolbarInfoVisualizer_80x80" FileName="PageToolbarInfoVisualizer_80x80.png" ResourceOwner="FNDWIN" ResourceType="0" IsCommon="True" />
  <Resource Name="PageToolbarInfoVisualizer_Hover_40x40" Description="PageToolbarInfoVisualizer_Hover_40x40" FileName="PageToolbarInfoVisualizer_Hover_40x40.png" ResourceOwner="FNDWIN" ResourceType="0" IsCommon="True" />
  <Resource Name="PageToolbarInfoVisualizer_Hover_60x60" Description="PageToolbarInfoVisualizer_Hover_60x60" FileName="PageToolbarInfoVisualizer_Hover_60x60.png" ResourceOwner="FNDWIN" ResourceType="0" IsCommon="True" />
  <Resource Name="PageToolbarInfoVisualizer_Hover_80x80" Description="PageToolbarInfoVisualizer_Hover_80x80" FileName="PageToolbarInfoVisualizer_Hover_80x80.png" ResourceOwner="FNDWIN" ResourceType="0" IsCommon="True" />
  <Resource Name="PageToolbarGrid_40x40" Description="PageToolbarGrid_40x40" FileName="PageToolbarGrid_40x40.png" ResourceOwner="FNDWIN" ResourceType="0" IsCommon="True" />
  <Resource Name="PageToolbarGrid_60x60" Description="PageToolbarGrid_60x60" FileName="PageToolbarGrid_60x60.png" ResourceOwner="FNDWIN" ResourceType="0" IsCommon="True" />
  <Resource Name="PageToolbarGrid_80x80" Description="PageToolbarGrid_80x80" FileName="PageToolbarGrid_80x80.png" ResourceOwner="FNDWIN" ResourceType="0" IsCommon="True" />
  <Resource Name="PageToolbarGrid_Hover_40x40" Description="PageToolbarGrid_Hover_40x40" FileName="PageToolbarGrid_Hover_40x40.png" ResourceOwner="FNDWIN" ResourceType="0" IsCommon="True" />
  <Resource Name="PageToolbarGrid_Hover_60x60" Description="PageToolbarGrid_Hover_60x60" FileName="PageToolbarGrid_Hover_60x60.png" ResourceOwner="FNDWIN" ResourceType="0" IsCommon="True" />
  <Resource Name="PageToolbarGrid_Hover_80x80" Description="PageToolbarGrid_Hover_80x80" FileName="PageToolbarGrid_Hover_80x80.png" ResourceOwner="FNDWIN" ResourceType="0" IsCommon="True" />
  <Resource Name="Help16x16" Description="Help16x16" FileName="Help16x16.png" ResourceOwner="FNDWIN" ResourceType="0" IsCommon="True" />
  <Resource Name="NavigatorTreeMyStartPage16x16" Description="NavigatorTreeMyStartPage16x16" FileName="NavigatorTreeMyStartPage16x16.png" ResourceOwner="FNDWIN" ResourceType="0" IsCommon="True" />
  <Resource Name="NavigatorTreeNodeDialogBox16x16" Description="NavigatorTreeNodeDialogBox16x16" FileName="NavigatorTreeNodeDialogBox16x16.png" ResourceOwner="FNDWIN" ResourceType="0" IsCommon="True" />
  <Resource Name="NavigatorTreeNodeExploreItem16x16" Description="NavigatorTreeNodeExploreItem16x16" FileName="NavigatorTreeNodeExploreItem16x16.png" ResourceOwner="FNDWIN" ResourceType="0" IsCommon="True" />
  <Resource Name="NavigatorTreeNodeFolderInfo16x16" Description="NavigatorTreeNodeFolderInfo16x16" FileName="NavigatorTreeNodeFolderInfo16x16.png" ResourceOwner="FNDWIN" ResourceType="0" IsCommon="True" />
  <Resource Name="NavigatorTreeNodeFolderOpen16x16" Description="NavigatorTreeNodeFolderOpen16x16" FileName="NavigatorTreeNodeFolderOpen16x16.png" ResourceOwner="FNDWIN" ResourceType="0" IsCommon="True" />
  <Resource Name="NavigatorTreeNodeFormWindow16x16" Description="NavigatorTreeNodeFormWindow16x16" FileName="NavigatorTreeNodeFormWindow16x16.png" ResourceOwner="FNDWIN" ResourceType="0" IsCommon="True" />
  <Resource Name="NavigatorTreeNodeReport16x16" Description="NavigatorTreeNodeReport16x16" FileName="NavigatorTreeNodeReport16x16.png" ResourceOwner="FNDWIN" ResourceType="0" IsCommon="True" />
  <Resource Name="NavigatorTreeNodeSavedSearch16x16" Description="NavigatorTreeNodeSavedSearch16x16" FileName="NavigatorTreeNodeSavedSearch16x16.png" ResourceOwner="FNDWIN" ResourceType="0" IsCommon="True" />
  <Resource Name="NavigatorTreeNodeScheduledTask16x16" Description="NavigatorTreeNodeScheduledTask16x16" FileName="NavigatorTreeNodeScheduledTask16x16.png" ResourceOwner="FNDWIN" ResourceType="0" IsCommon="True" />
  <Resource Name="NavigatorTreeNodeTableWindow16x16" Description="NavigatorTreeNodeTableWindow16x16" FileName="NavigatorTreeNodeTableWindow16x16.png" ResourceOwner="FNDWIN" ResourceType="0" IsCommon="True" />
  <Resource Name="NavigatorTreeNodeWeb16x16" Description="NavigatorTreeNodeWeb16x16" FileName="NavigatorTreeNodeWeb16x16.png" ResourceOwner="FNDWIN" ResourceType="0" IsCommon="True" />
  <Resource Name="Selection16x16" Description="Selection16x16" FileName="Selection16x16.png" ResourceOwner="FNDWIN" ResourceType="0" IsCommon="True" />
  <Resource Name="NavigatorTreeNodeFolder16x16" Description="NavigatorTreeNodeFolder16x16" FileName="NavigatorTreeNodeFolder16x16.png" ResourceOwner="FNDWIN" ResourceType="0" IsCommon="True" />
  <Resource Name="NavigatorTreeNodeFolderInfoOpen16x16" Description="NavigatorTreeNodeFolderInfoOpen16x16" FileName="NavigatorTreeNodeFolderInfoOpen16x16.png" ResourceOwner="FNDWIN" ResourceType="0" IsCommon="True" />
  <Resource Name="NavigatorTreeNodeProcessModel16x16" Description="NavigatorTreeNodeProcessModel16x16" FileName="NavigatorTreeNodeProcessModel16x16.png" ResourceOwner="FNDWIN" ResourceType="0" IsCommon="True" />
  <Resource Name="NavigatorTreeNodeQuickReport16x16" Description="NavigatorTreeNodeQuickReport16x16" FileName="NavigatorTreeNodeQuickReport16x16.png" ResourceOwner="FNDWIN" ResourceType="0" IsCommon="True" />
  <Resource Name="NavigatorTreeNodeReportFolder16x16" Description="NavigatorTreeNodeReportFolder16x16" FileName="NavigatorTreeNodeReportFolder16x16.png" ResourceOwner="FNDWIN" ResourceType="0" IsCommon="True" />
  <Resource Name="DeleteNote_24x24" Description="DeleteNote_24x24" FileName="DeleteNote_24x24.png" ResourceOwner="FNDWIN" ResourceType="0" IsCommon="True" />
  <Resource Name="DeleteNote_Hover_24x24" Description="DeleteNote_Hover_24x24" FileName="DeleteNote_Hover_24x24.png" ResourceOwner="FNDWIN" ResourceType="0" IsCommon="True" />
  <Resource Name="Settings_24x24" Description="Settings_24x24" FileName="Settings_24x24.png" ResourceOwner="FNDWIN" ResourceType="0" IsCommon="True" />
  <Resource Name="Settings_Hover_24x24" Description="Settings_Hover_24x24" FileName="Settings_Hover_24x24.png" ResourceOwner="FNDWIN" ResourceType="0" IsCommon="True" />
  <Resource Name="CollapseExpandDown_16x16" Description="CollapseExpandDown_16x16" FileName="CollapseExpandDown_16x16.png" ResourceOwner="FNDWIN" ResourceType="0" IsCommon="True" />
  <Resource Name="CollapseExpandRight_16x16" Description="CollapseExpandRight_16x16" FileName="CollapseExpandRight_16x16.png" ResourceOwner="FNDWIN" ResourceType="0" IsCommon="True" />
  <Resource Name="SplitterResizeGripHorizontal_23x8" Description="SplitterResizeGripHorizontal_23x8" FileName="SplitterResizeGripHorizontal_23x8.png" ResourceOwner="FNDWIN" ResourceType="0" IsCommon="True" />
  <Resource Name="SplitterResizeGripVertical_8x23" Description="SplitterResizeGripVertical_8x23" FileName="SplitterResizeGripVertical_8x23.png" ResourceOwner="FNDWIN" ResourceType="0" IsCommon="True" />
  <Resource Name="DeleteNote_36x36" Description="DeleteNote_36x36" FileName="DeleteNote_36x36.png" ResourceOwner="FNDWIN" ResourceType="0" IsCommon="True" />
  <Resource Name="DeleteNote_48x48" Description="DeleteNote_48x48" FileName="DeleteNote_48x48.png" ResourceOwner="FNDWIN" ResourceType="0" IsCommon="True" />
  <Resource Name="DeleteNote_Hover_36x36" Description="DeleteNote_Hover_36x36" FileName="DeleteNote_Hover_36x36.png" ResourceOwner="FNDWIN" ResourceType="0" IsCommon="True" />
  <Resource Name="DeleteNote_Hover_48x48" Description="DeleteNote_Hover_48x48" FileName="DeleteNote_Hover_48x48.png" ResourceOwner="FNDWIN" ResourceType="0" IsCommon="True" />
  <Resource Name="Settings_36x36" Description="Settings_36x36" FileName="Settings_36x36.png" ResourceOwner="FNDWIN" ResourceType="0" IsCommon="True" />
  <Resource Name="Settings_48x48" Description="Settings_48x48" FileName="Settings_48x48.png" ResourceOwner="FNDWIN" ResourceType="0" IsCommon="True" />
  <Resource Name="Settings_Hover_36x36" Description="Settings_Hover_36x36" FileName="Settings_Hover_36x36.png" ResourceOwner="FNDWIN" ResourceType="0" IsCommon="True" />
  <Resource Name="Settings_Hover_48x48" Description="Settings_Hover_48x48" FileName="Settings_Hover_48x48.png" ResourceOwner="FNDWIN" ResourceType="0" IsCommon="True" />
  <Resource Name="NewWindow_24x24" Description="NewWindow_24x24" FileName="NewWindow_24x24.png" ResourceOwner="FNDWIN" ResourceType="0" IsCommon="True" />
  <Resource Name="NewWindow_Hover_24x24" Description="NewWindow_Hover_24x24" FileName="NewWindow_Hover_24x24.png" ResourceOwner="FNDWIN" ResourceType="0" IsCommon="True" />
  <Resource Name="Stop_24x24" Description="Stop_24x24" FileName="Stop_24x24.png" ResourceOwner="FNDWIN" ResourceType="0" IsCommon="True" />
  <Resource Name="Stop_Hover_24x24" Description="Stop_Hover_24x24" FileName="Stop_Hover_24x24.png" ResourceOwner="FNDWIN" ResourceType="0" IsCommon="True" />
  <Resource Name="UserDisabled__16x16" Description="UserDisabled__16x16" FileName="UserDisabled__16x16.png" ResourceOwner="FNDWIN" ResourceType="0" IsCommon="True" />
  <Resource Name="NewWindow_36x36" Description="NewWindow_36x36" FileName="NewWindow_36x36.png" ResourceOwner="FNDWIN" ResourceType="0" IsCommon="True" />
  <Resource Name="NewWindow_48x48" Description="NewWindow_48x48" FileName="NewWindow_48x48.png" ResourceOwner="FNDWIN" ResourceType="0" IsCommon="True" />
  <Resource Name="NewWindow_Hover_36x36" Description="NewWindow_Hover_36x36" FileName="NewWindow_Hover_36x36.png" ResourceOwner="FNDWIN" ResourceType="0" IsCommon="True" />
  <Resource Name="NewWindow_Hover_48x48" Description="NewWindow_Hover_48x48" FileName="NewWindow_Hover_48x48.png" ResourceOwner="FNDWIN" ResourceType="0" IsCommon="True" />
  <Resource Name="Stop_36x36" Description="Stop_36x36" FileName="Stop_36x36.png" ResourceOwner="FNDWIN" ResourceType="0" IsCommon="True" />
  <Resource Name="Stop_48x48" Description="Stop_48x48" FileName="Stop_48x48.png" ResourceOwner="FNDWIN" ResourceType="0" IsCommon="True" />
  <Resource Name="Stop_Hover_36x36" Description="Stop_Hover_36x36" FileName="Stop_Hover_36x36.png" ResourceOwner="FNDWIN" ResourceType="0" IsCommon="True" />
  <Resource Name="Stop_Hover_48x48" Description="Stop_Hover_48x48" FileName="Stop_Hover_48x48.png" ResourceOwner="FNDWIN" ResourceType="0" IsCommon="True" />
  <Resource Name="Collaps_11x11" Description="Collaps_11x11" FileName="Collaps_11x11.png" ResourceOwner="FNDWIN" ResourceType="0" IsCommon="True" />
  <Resource Name="Expand_11x11" Description="Expand_11x11" FileName="Expand_11x11.png" ResourceOwner="FNDWIN" ResourceType="0" IsCommon="True" />
  <Resource Name="FilterEdit_15x15" Description="FilterEdit_15x15" FileName="FilterEdit_15x15.png" ResourceOwner="FNDWIN" ResourceType="0" IsCommon="True" />
  <Resource Name="ControlBoxClose" Description="ControlBoxClose" FileName="ControlBoxClose.xaml" ResourceOwner="FNDWIN" ResourceType="4" IsCommon="True" />
  <Resource Name="ControlBoxMaximize" Description="ControlBoxMaximize" FileName="ControlBoxMaximize.xaml" ResourceOwner="FNDWIN" ResourceType="4" IsCommon="True" />
  <Resource Name="ControlBoxMinimize" Description="ControlBoxMinimize" FileName="ControlBoxMinimize.xaml" ResourceOwner="FNDWIN" ResourceType="4" IsCommon="True" />
  <Resource Name="ControlBoxRestore" Description="ControlBoxRestore" FileName="ControlBoxRestore.xaml" ResourceOwner="FNDWIN" ResourceType="4" IsCommon="True" />
  <Resource Name="IndexListMinus" Description="IndexListMinus" FileName="IndexListMinus.png" ResourceOwner="FNDWIN" ResourceType="0" IsCommon="True" />
  <Resource Name="IndexListPlus" Description="IndexListPlus" FileName="IndexListPlus.png" ResourceOwner="FNDWIN" ResourceType="0" IsCommon="True" />
  <Resource Name="InsertLinkCollapsable_24x24" Description="InsertLinkCollapsable_24x24" FileName="InsertLinkCollapsable_24x24.png" ResourceOwner="FNDWIN" ResourceType="0" IsCommon="True" />
  <Resource Name="InsertLinkExpand_24x24" Description="InsertLinkExpand_24x24" FileName="InsertLinkExpand_24x24.png" ResourceOwner="FNDWIN" ResourceType="0" IsCommon="True" />
  <Resource Name="InsertLinkMail_24x24" Description="InsertLinkMail_24x24" FileName="InsertLinkMail_24x24.png" ResourceOwner="FNDWIN" ResourceType="0" IsCommon="True" />
  <Resource Name="InsertLinkWeb_24x24" Description="InsertLinkWeb_24x24" FileName="InsertLinkWeb_24x24.png" ResourceOwner="FNDWIN" ResourceType="0" IsCommon="True" />
  <Resource Name="WebSearch_24x24" Description="WebSearch_24x24" FileName="WebSearch_24x24.png" ResourceOwner="FNDWIN" ResourceType="0" IsCommon="True" />
  <Resource Name="WebSearch_Hover_24x24" Description="WebSearch_Hover_24x24" FileName="WebSearch_Hover_24x24.png" ResourceOwner="FNDWIN" ResourceType="0" IsCommon="True" />
  <Resource Name="ToolstripIconOnScreenKeyboard" Description="ToolstripIconOnScreenKeyboard" FileName="ToolstripIconOnScreenKeyboard.xaml" ResourceOwner="FNDWIN" ResourceType="4" IsCommon="True" />
  <Resource Name="Add_Note_36x36" Description="Add_Note_36x36" FileName="Add_Note_36x36.png" ResourceOwner="FNDWIN" ResourceType="0" IsCommon="True" />
  <Resource Name="Add_Note_48x48" Description="Add_Note_48x48" FileName="Add_Note_48x48.png" ResourceOwner="FNDWIN" ResourceType="0" IsCommon="True" />
  <Resource Name="Add_Note_Hover_24x24" Description="Add_Note_Hover_24x24" FileName="Add_Note_Hover_24x24.png" ResourceOwner="FNDWIN" ResourceType="0" IsCommon="True" />
  <Resource Name="Add_Note_Hover_36x36" Description="Add_Note_Hover_36x36" FileName="Add_Note_Hover_36x36.png" ResourceOwner="FNDWIN" ResourceType="0" IsCommon="True" />
  <Resource Name="Add_Note_Hover_48x48" Description="Add_Note_Hover_48x48" FileName="Add_Note_Hover_48x48.png" ResourceOwner="FNDWIN" ResourceType="0" IsCommon="True" />
  <Resource Name="Delete_Note_36x36" Description="Delete_Note_36x36" FileName="Delete_Note_36x36.png" ResourceOwner="FNDWIN" ResourceType="0" IsCommon="True" />
  <Resource Name="Delete_Note_48x48" Description="Delete_Note_48x48" FileName="Delete_Note_48x48.png" ResourceOwner="FNDWIN" ResourceType="0" IsCommon="True" />
  <Resource Name="Delete_Note_Hover_24x24" Description="Delete_Note_Hover_24x24" FileName="Delete_Note_Hover_24x24.png" ResourceOwner="FNDWIN" ResourceType="0" IsCommon="True" />
  <Resource Name="Delete_Note_Hover_36x36" Description="Delete_Note_Hover_36x36" FileName="Delete_Note_Hover_36x36.png" ResourceOwner="FNDWIN" ResourceType="0" IsCommon="True" />
  <Resource Name="Delete_Note_Hover_48x48" Description="Delete_Note_Hover_48x48" FileName="Delete_Note_Hover_48x48.png" ResourceOwner="FNDWIN" ResourceType="0" IsCommon="True" />
  <Resource Name="Add_Note_24x24" Description="Add_Note_24x24" FileName="Add_Note_24x24.png" ResourceOwner="FNDWIN" ResourceType="0" IsCommon="True" />
  <Resource Name="Delete_Note_24x24" Description="Delete_Note_24x24" FileName="Delete_Note_24x24.png" ResourceOwner="FNDWIN" ResourceType="0" IsCommon="True" />
  <Resource Name="ShowHideNavigatorPinned" Description="ShowHideNavigatorPinned" FileName="ShowHideNavigatorPinned.xaml" ResourceOwner="FNDWIN" ResourceType="4" IsCommon="True" />
</FndThemeResources>